Rank,Model,MAE(개),RMSE(개),MAPE(%)
1,SFT (Ours),30.0,40.0,83.5
2,Random Forest,30.4,40.5,87.4
3,MLP,30.799999237060547,41.1,87.5
4,Gradient Boosting,30.8,41.6,86.0
5,Linear Regression,30.899999618530273,40.7,89.5999984741211
6,LSTM,30.899999618530273,40.6,91.4000015258789
7,Attribute KNN (k=5),31.700000762939453,42.2,91.5999984741211
8,Attr+Image KNN (k=5),32.099998474121094,43.5,93.0999984741211
9,Image KNN (k=5),35.20000076293945,48.1,100.0
